Customer_ID,Age,Job,Marital_Status,Education,Default,Housing_Loan,Personal_Loan,Balance,Contact,Day,Month,Duration,Campaign
1,62,unemployed,divorced,secondary,no,no,no,4086.16,cellular,26,mar,236,3
2,65,housemaid,single,unknown,no,no,no,3061.14,unknown,28,jun,281,25
3,18,housemaid,married,unknown,no,yes,no,8314.48,unknown,13,sep,251,32
4,21,unemployed,divorced,primary,no,yes,yes,10756.26,telephone,15,nov,167,49
5,21,management,single,tertiary,yes,no,yes,14012.99,cellular,19,aug,487,47
6,57,retired,single,unknown,no,no,yes,-833.14,cellular,14,sep,172,46
7,27,retired,married,unknown,no,yes,no,7374.85,cellular,21,nov,18,1
8,37,management,married,unknown,no,no,no,18334.04,unknown,2,apr,301,30
9,39,unemployed,married,secondary,no,no,yes,8177.04,unknown,17,apr,438,42
10,68,blue-collar,divorced,primary,no,yes,yes,15987.7,telephone,18,oct,21,30
11,54,student,divorced,primary,no,no,yes,463.56,cellular,10,dec,10,12
12,41,housemaid,single,tertiary,no,no,no,4373.0,cellular,10,jul,416,26
13,24,technician,single,unknown,no,yes,yes,14178.73,unknown,15,apr,136,16
14,42,management,divorced,primary,no,yes,no,11669.79,unknown,16,sep,91,24
15,42,housemaid,single,secondary,no,no,yes,7749.36,cellular,12,feb,56,10
16,30,technician,divorced,secondary,no,no,yes,12716.11,telephone,5,apr,343,4
17,19,blue-collar,single,secondary,no,yes,yes,14961.3,telephone,2,apr,481,44
18,56,housemaid,divorced,unknown,no,no,no,17745.19,telephone,14,jul,261,8
19,57,admin,single,secondary,no,yes,yes,7687.81,unknown,25,may,19,31
20,41,management,single,unknown,no,no,yes,12137.41,telephone,25,apr,340,11
21,64,entrepreneur,divorced,primary,no,yes,yes,6392.13,unknown,10,may,46,17
22,42,technician,married,secondary,yes,yes,yes,18395.1,cellular,28,mar,139,3
23,35,entrepreneur,divorced,unknown,no,yes,no,8575.04,cellular,19,mar,96,27
24,55,housemaid,divorced,tertiary,yes,yes,no,7031.51,cellular,18,dec,135,35
25,43,admin,married,primary,no,yes,no,18668.37,cellular,16,oct,492,30
26,31,entrepreneur,single,primary,no,yes,yes,-1956.85,unknown,7,dec,116,42
27,26,blue-collar,married,unknown,no,yes,yes,5303.36,cellular,3,mar,362,12
28,27,student,married,unknown,no,no,no,16440.52,cellular,22,may,263,31
29,38,student,married,primary,no,no,yes,7931.86,telephone,4,jun,230,5
30,69,unemployed,single,unknown,no,no,no,5664.5,unknown,18,nov,364,32
31,34,housemaid,divorced,secondary,no,yes,no,10931.96,cellular,8,dec,358,37
32,69,entrepreneur,married,unknown,no,no,no,6902.87,unknown,26,mar,432,23
33,23,blue-collar,single,primary,no,no,no,5249.08,unknown,25,aug,218,39
34,33,student,single,secondary,yes,yes,yes,3851.41,unknown,18,nov,403,32
35,65,technician,divorced,unknown,no,yes,yes,4887.0,unknown,10,nov,272,25
36,18,admin,divorced,secondary,no,yes,no,18331.56,telephone,26,aug,242,32
37,36,admin,married,unknown,no,no,yes,19112.8,cellular,17,jul,221,41
38,53,blue-collar,single,primary,no,no,no,174.27,cellular,3,aug,240,7
39,42,unemployed,divorced,primary,no,no,yes,14179.11,unknown,17,may,262,2
40,67,management,married,secondary,no,no,no,12470.78,telephone,1,apr,136,6
41,69,unemployed,single,primary,no,yes,no,11881.31,telephone,18,dec,397,4
42,47,technician,single,primary,no,yes,yes,-1277.45,telephone,26,jan,188,26
43,37,entrepreneur,divorced,secondary,no,no,no,4015.99,unknown,16,mar,485,6
44,37,entrepreneur,single,secondary,no,yes,no,14414.26,unknown,6,oct,177,35
45,32,admin,single,primary,no,no,no,8907.75,cellular,21,dec,276,33
46,57,entrepreneur,divorced,secondary,yes,no,yes,-1474.46,telephone,14,jul,104,47
47,50,unemployed,single,secondary,no,no,yes,9583.34,cellular,6,mar,417,12
48,19,admin,single,unknown,no,no,yes,16651.71,cellular,21,oct,310,13
49,27,retired,married,tertiary,no,yes,yes,17325.25,telephone,12,oct,69,24
50,50,services,single,primary,yes,no,yes,17769.77,unknown,26,oct,179,6
51,49,entrepreneur,divorced,primary,no,no,no,9601.31,unknown,28,feb,43,7
52,28,blue-collar,single,unknown,no,no,no,8273.29,telephone,3,aug,318,16
53,41,services,divorced,primary,no,no,yes,3375.58,cellular,6,apr,310,8
54,53,housemaid,divorced,primary,no,no,yes,17053.71,telephone,21,sep,456,43
55,29,blue-collar,single,primary,no,no,yes,15596.86,cellular,23,dec,181,8
56,68,unemployed,divorced,secondary,no,yes,yes,16998.65,telephone,21,jan,131,7
57,46,unemployed,married,primary,no,no,yes,2970.79,telephone,2,dec,235,30
58,52,retired,divorced,primary,no,yes,yes,153.86,telephone,10,may,280,47
59,18,technician,married,tertiary,no,yes,yes,13365.79,telephone,25,dec,102,12
60,18,blue-collar,divorced,unknown,no,no,no,18089.33,unknown,23,nov,141,36
61,54,retired,single,unknown,yes,no,no,18164.69,telephone,23,dec,109,2
62,23,blue-collar,divorced,secondary,no,no,no,9629.89,cellular,8,nov,289,45
63,56,blue-collar,divorced,primary,no,yes,no,12126.31,cellular,7,apr,106,19
64,58,unemployed,divorced,primary,no,no,no,465.79,cellular,17,mar,353,48
65,35,management,married,primary,no,no,no,4056.33,telephone,21,jun,452,39
66,33,housemaid,married,primary,no,no,no,9830.52,unknown,20,mar,22,13
67,22,technician,married,secondary,no,yes,yes,17376.92,cellular,14,mar,156,35
68,59,retired,married,tertiary,no,no,yes,8651.07,unknown,24,feb,347,1
69,60,services,married,unknown,yes,yes,yes,11039.58,cellular,15,jan,318,28
70,49,student,single,tertiary,no,no,no,-778.2,unknown,10,jan,260,8
71,19,entrepreneur,divorced,primary,no,no,no,19222.39,cellular,10,jun,246,43
72,19,retired,divorced,tertiary,no,no,no,8833.4,unknown,28,mar,119,36
73,57,technician,single,tertiary,no,yes,yes,1525.95,telephone,16,jun,299,17
74,59,housemaid,single,unknown,no,yes,yes,5457.36,unknown,27,oct,486,8
75,53,services,single,tertiary,no,no,yes,9292.76,cellular,16,oct,463,48
76,56,management,single,tertiary,no,no,yes,1047.31,cellular,19,feb,477,32
77,29,management,married,tertiary,no,yes,yes,2326.23,telephone,15,aug,470,21
78,64,retired,divorced,secondary,no,yes,no,18149.73,cellular,26,aug,310,42
79,36,technician,single,secondary,no,yes,yes,17196.16,unknown,15,mar,354,49
80,45,unemployed,single,secondary,no,no,no,690.65,telephone,7,sep,407,5
81,18,services,divorced,tertiary,no,yes,yes,4137.95,cellular,17,sep,45,3
82,32,blue-collar,single,secondary,yes,no,no,11982.86,cellular,19,apr,405,33
83,53,retired,married,tertiary,yes,no,yes,3714.58,unknown,7,mar,392,44
84,30,student,married,tertiary,no,yes,yes,-1954.15,unknown,25,jul,285,30
85,60,technician,married,secondary,no,no,no,13426.72,unknown,24,jun,203,25
86,38,blue-collar,single,primary,no,yes,no,2247.73,unknown,2,apr,203,38
87,29,student,divorced,tertiary,no,yes,yes,5149.02,cellular,18,aug,82,11
88,22,retired,single,tertiary,no,yes,yes,4246.6,unknown,1,jan,13,26
89,24,blue-collar,divorced,unknown,no,yes,yes,1352.12,telephone,18,feb,482,4
90,22,entrepreneur,married,secondary,no,yes,yes,985.07,telephone,21,apr,415,1
91,65,retired,married,unknown,no,yes,no,1188.1,cellular,2,mar,47,10
92,21,retired,divorced,tertiary,no,yes,yes,19284.82,unknown,12,jan,470,5
93,30,services,single,unknown,no,no,no,13990.72,cellular,1,jan,243,25
94,54,services,single,tertiary,no,no,no,18681.66,cellular,11,jun,207,5
95,58,technician,single,unknown,no,no,no,10573.88,telephone,4,may,295,34
96,32,management,married,tertiary,no,no,yes,5282.19,unknown,25,sep,322,33
97,33,admin,single,secondary,no,no,no,1606.39,cellular,27,dec,446,12
98,38,technician,divorced,unknown,no,no,yes,8633.84,telephone,13,jun,375,30
99,53,student,single,unknown,no,no,no,8854.77,telephone,27,sep,452,35
100,41,technician,single,primary,no,no,yes,15104.34,cellular,5,jan,295,49
101,33,unemployed,divorced,primary,no,no,no,9625.67,unknown,10,oct,32,36
102,31,student,divorced,secondary,no,no,yes,2286.71,unknown,18,aug,348,34
103,39,housemaid,married,tertiary,no,no,no,15912.2,cellular,15,jul,444,28
104,66,unemployed,married,primary,no,no,yes,1254.15,telephone,21,mar,151,33
105,67,management,single,secondary,no,yes,no,9636.11,unknown,28,aug,145,13
106,23,admin,single,secondary,no,yes,yes,-1065.68,cellular,11,jun,117,13
107,59,entrepreneur,married,tertiary,no,yes,no,6121.98,unknown,15,nov,246,4
108,53,management,single,tertiary,no,no,no,12781.21,cellular,23,apr,298,36
109,18,services,single,unknown,no,no,no,1051.59,unknown,5,jun,207,6
110,49,blue-collar,divorced,unknown,no,no,yes,9547.36,telephone,28,mar,370,8
111,23,student,single,secondary,no,no,no,9854.46,cellular,19,may,354,33
112,48,entrepreneur,divorced,secondary,no,yes,no,18005.81,cellular,24,jan,36,37
113,18,management,married,secondary,no,yes,no,8265.85,cellular,28,aug,461,23
114,67,retired,single,unknown,no,yes,yes,-276.28,cellular,21,jan,121,19
115,68,entrepreneur,divorced,primary,no,yes,no,1210.62,unknown,11,apr,499,28
116,54,unemployed,divorced,tertiary,no,no,yes,4063.39,cellular,19,jun,161,32
117,52,entrepreneur,divorced,secondary,no,no,yes,15576.99,telephone,12,feb,326,14
118,66,management,divorced,unknown,no,no,yes,3612.38,unknown,22,aug,422,7
119,47,unemployed,single,unknown,no,yes,yes,11407.44,unknown,26,jan,146,27
120,21,student,married,tertiary,no,yes,no,-275.6,cellular,3,may,457,8
121,52,management,divorced,primary,no,no,yes,2447.2,telephone,12,sep,127,30
122,60,entrepreneur,married,secondary,no,no,yes,11621.14,telephone,10,apr,182,36
123,31,technician,divorced,tertiary,no,no,yes,159.05,unknown,23,apr,84,30
124,66,management,divorced,unknown,yes,no,yes,13741.94,cellular,22,aug,314,23
125,57,entrepreneur,divorced,primary,no,yes,yes,7880.2,unknown,25,sep,382,45
126,39,housemaid,married,secondary,no,no,yes,4150.66,cellular,12,oct,9,49
127,27,housemaid,married,unknown,no,yes,yes,17225.81,telephone,27,nov,142,35
128,18,retired,married,unknown,no,yes,yes,12809.48,cellular,9,jun,310,34
129,28,blue-collar,single,tertiary,yes,no,no,-587.94,cellular,24,may,9,37
130,68,management,married,unknown,no,no,no,12744.35,cellular,13,oct,355,47
131,61,unemployed,single,secondary,no,yes,yes,2364.34,unknown,25,dec,174,48
132,41,student,single,unknown,no,no,no,18245.7,unknown,9,may,454,27
133,20,unemployed,married,tertiary,no,no,no,1382.1,unknown,17,jun,402,16
134,52,services,divorced,tertiary,no,yes,yes,11567.17,unknown,18,may,403,22
135,53,student,divorced,primary,no,yes,no,3332.94,unknown,16,mar,66,9
136,48,management,single,primary,no,no,no,18727.66,telephone,26,apr,263,41
137,21,blue-collar,divorced,unknown,no,no,no,5138.28,telephone,26,nov,219,20
138,36,entrepreneur,divorced,unknown,no,yes,no,10972.0,cellular,8,aug,377,35
139,64,student,single,unknown,no,no,yes,849.21,telephone,25,nov,268,39
140,53,admin,married,primary,no,yes,yes,8546.19,unknown,11,oct,251,28
141,38,entrepreneur,single,primary,no,no,yes,11394.4,cellular,22,apr,170,15
142,35,technician,married,unknown,no,no,no,14955.32,telephone,19,apr,253,38
143,68,services,married,primary,yes,no,no,10255.48,cellular,9,feb,205,11
144,45,blue-collar,single,tertiary,no,no,no,13479.17,unknown,9,aug,483,36
145,32,admin,divorced,primary,no,yes,no,16899.79,unknown,11,jul,393,34
146,59,blue-collar,married,tertiary,no,yes,yes,4568.25,telephone,8,dec,94,39
147,19,housemaid,single,unknown,no,yes,no,5483.67,unknown,4,feb,254,22
148,54,student,single,tertiary,no,no,no,-1349.38,cellular,23,dec,91,15
149,28,housemaid,single,secondary,no,yes,yes,10193.76,cellular,13,sep,319,43
150,40,services,married,unknown,no,yes,yes,19373.68,cellular,17,apr,276,15
151,61,blue-collar,divorced,tertiary,no,yes,yes,14194.26,telephone,22,jul,264,35
152,58,management,divorced,tertiary,no,no,no,19836.88,cellular,1,sep,189,24
153,29,technician,single,primary,no,no,no,7995.75,cellular,10,mar,210,28
154,20,entrepreneur,married,tertiary,no,yes,no,14444.42,unknown,18,nov,80,40
155,69,management,divorced,primary,no,no,yes,1546.58,telephone,9,nov,327,17
156,34,housemaid,single,tertiary,no,no,no,7284.14,telephone,20,may,354,36
157,50,blue-collar,divorced,tertiary,no,yes,no,12159.51,telephone,23,mar,291,18
158,18,blue-collar,divorced,primary,no,yes,no,7906.87,telephone,12,jul,41,30
159,56,technician,married,secondary,no,yes,yes,-1346.11,unknown,10,sep,258,41
160,37,student,single,tertiary,no,no,no,4970.54,telephone,21,oct,79,6
161,64,entrepreneur,divorced,tertiary,no,no,no,12873.49,telephone,1,oct,153,30
162,60,services,divorced,unknown,no,no,yes,6694.26,cellular,15,may,100,34
163,69,technician,married,primary,yes,no,no,7864.91,telephone,20,dec,454,46
164,58,admin,married,primary,no,yes,no,16835.94,telephone,20,mar,476,16
165,31,technician,divorced,secondary,no,yes,no,3926.6,unknown,22,dec,64,38
166,48,admin,married,unknown,no,yes,yes,11550.5,telephone,7,aug,30,22
167,42,technician,married,secondary,no,yes,no,16606.95,telephone,1,oct,238,8
168,20,technician,single,secondary,no,yes,yes,15757.31,unknown,6,jan,321,43
169,21,unemployed,single,tertiary,no,yes,no,3251.92,unknown,16,may,72,22
170,48,housemaid,divorced,tertiary,yes,yes,no,-876.03,telephone,21,may,443,20
171,52,housemaid,divorced,primary,no,yes,yes,4090.21,unknown,16,mar,304,20
172,61,management,divorced,unknown,no,no,yes,1880.87,telephone,10,jul,67,4
173,31,services,married,primary,no,yes,no,-1390.36,cellular,17,may,43,13
174,66,admin,single,unknown,no,yes,no,4695.96,unknown,19,sep,85,16
175,58,entrepreneur,divorced,primary,no,no,no,9457.85,unknown,11,jan,351,7
176,26,retired,single,secondary,no,no,yes,12307.02,unknown,21,may,260,7
177,37,unemployed,married,secondary,no,yes,no,6313.7,telephone,22,feb,487,15
178,49,admin,single,secondary,no,yes,yes,2494.22,cellular,2,jul,80,3
179,26,blue-collar,married,tertiary,no,no,yes,10524.73,cellular,1,aug,84,22
180,44,management,divorced,unknown,no,no,no,14552.06,telephone,8,jul,78,4
181,20,management,married,unknown,no,yes,yes,13288.94,unknown,7,oct,418,28
182,21,student,married,tertiary,no,no,no,16853.66,cellular,4,may,233,31
183,62,retired,married,unknown,no,no,yes,3805.07,cellular,25,nov,29,32
184,32,student,married,primary,no,yes,no,9066.22,telephone,2,feb,446,34
185,50,admin,divorced,secondary,no,yes,yes,8745.62,unknown,19,may,151,40
186,22,unemployed,single,tertiary,yes,yes,yes,5074.82,unknown,23,sep,453,42
187,21,blue-collar,divorced,secondary,yes,no,yes,13101.26,cellular,1,dec,471,33
188,63,management,divorced,unknown,no,yes,yes,953.15,unknown,22,oct,130,17
189,29,admin,married,tertiary,no,no,yes,15713.28,telephone,21,nov,433,8
190,40,admin,divorced,unknown,no,yes,yes,-1194.38,telephone,1,jun,239,26
191,31,technician,married,secondary,no,yes,no,6539.96,cellular,22,dec,419,10
192,63,services,single,unknown,no,yes,yes,11361.05,telephone,9,dec,194,9
193,29,admin,married,tertiary,no,no,no,7336.01,cellular,15,mar,339,40
194,34,services,single,unknown,no,yes,yes,12425.23,unknown,7,nov,483,45
195,42,services,divorced,tertiary,no,no,yes,-1146.39,cellular,19,jan,48,19
196,47,student,married,tertiary,no,no,yes,17077.53,telephone,3,jul,102,11
197,39,unemployed,single,tertiary,no,no,no,-291.54,cellular,4,jul,19,14
198,64,entrepreneur,divorced,primary,no,no,yes,4330.42,unknown,23,mar,163,32
199,43,housemaid,single,unknown,no,no,no,4454.12,telephone,19,mar,374,45
200,34,student,married,unknown,no,yes,no,-1740.1,unknown,15,dec,308,33
201,37,housemaid,single,secondary,no,no,no,68.53,cellular,19,jul,38,32
202,51,services,single,tertiary,no,no,yes,16741.45,cellular,8,feb,326,7
203,58,retired,single,tertiary,no,no,no,15067.93,telephone,25,aug,306,3
204,50,entrepreneur,divorced,secondary,no,no,yes,14235.86,unknown,27,jun,454,41
205,54,entrepreneur,single,unknown,no,yes,yes,13164.52,unknown,7,oct,197,47
206,24,blue-collar,single,unknown,no,no,no,-360.34,cellular,1,nov,433,28
207,39,entrepreneur,single,unknown,no,yes,yes,4570.46,telephone,9,sep,44,22
208,49,services,single,tertiary,no,no,no,-1855.39,unknown,17,nov,258,45
209,31,retired,married,tertiary,no,yes,no,-668.54,cellular,12,sep,267,28
210,25,technician,married,secondary,no,no,yes,-1166.47,cellular,25,apr,276,33
211,42,technician,divorced,primary,no,no,no,2376.55,cellular,17,may,73,41
212,33,technician,single,primary,no,yes,yes,-761.76,unknown,10,aug,283,11
213,59,entrepreneur,divorced,tertiary,no,yes,no,-1628.56,unknown,28,dec,306,6
214,36,student,single,unknown,no,yes,yes,3388.12,cellular,10,may,364,11
215,58,admin,married,unknown,no,yes,yes,15574.79,cellular,5,jun,355,27
216,33,student,single,primary,no,no,no,-761.16,unknown,8,dec,196,22
217,29,admin,divorced,unknown,no,yes,no,19660.08,telephone,8,mar,395,37
218,56,services,single,primary,no,no,yes,12466.83,telephone,8,jul,376,48
219,65,technician,married,tertiary,yes,yes,no,17070.06,unknown,1,nov,387,21
220,47,retired,divorced,tertiary,no,no,yes,12535.42,unknown,15,sep,19,38
221,19,unemployed,single,unknown,no,yes,yes,15091.22,cellular,15,nov,288,19
222,49,admin,married,unknown,no,yes,no,4617.13,telephone,4,jun,36,19
223,62,unemployed,single,primary,no,yes,yes,3661.14,cellular,28,oct,477,29
224,42,unemployed,married,unknown,no,yes,yes,12617.35,unknown,13,jul,49,3
225,42,services,divorced,tertiary,no,no,yes,10389.4,cellular,19,nov,302,48
226,21,housemaid,divorced,unknown,yes,yes,no,9124.59,telephone,28,oct,359,36
227,36,unemployed,single,unknown,no,no,yes,1899.62,cellular,11,jun,6,17
228,65,unemployed,married,unknown,no,yes,no,3074.27,cellular,5,dec,70,15
229,21,blue-collar,divorced,tertiary,no,yes,yes,10093.95,cellular,15,apr,316,15
230,60,services,single,unknown,no,no,yes,7018.2,unknown,6,may,479,9
231,30,blue-collar,single,primary,no,yes,no,19175.27,telephone,16,jun,242,6
232,56,admin,single,secondary,yes,yes,yes,10162.09,telephone,22,mar,295,5
233,53,management,married,primary,no,yes,yes,7497.66,cellular,19,nov,494,44
234,40,student,single,primary,no,yes,yes,18913.17,telephone,14,aug,480,38
235,23,student,married,primary,no,yes,no,15.5,unknown,21,jul,329,6
236,41,entrepreneur,single,tertiary,no,no,no,3979.2,cellular,9,mar,433,47
237,61,admin,married,primary,no,yes,yes,5620.68,unknown,17,oct,199,5
238,50,retired,single,unknown,no,no,yes,16777.06,cellular,17,apr,207,42
239,29,technician,single,tertiary,no,yes,no,14861.06,cellular,18,sep,387,15
240,58,management,married,secondary,no,yes,no,4703.71,unknown,28,sep,278,17
241,38,blue-collar,divorced,primary,no,yes,no,17196.39,cellular,13,apr,194,25
242,28,entrepreneur,divorced,secondary,no,yes,yes,-623.75,unknown,27,jan,148,27
243,61,unemployed,divorced,unknown,no,no,yes,8856.27,cellular,21,sep,91,10
244,55,services,married,unknown,no,no,yes,12403.05,unknown,10,oct,152,49
245,46,entrepreneur,divorced,primary,no,yes,no,4868.27,telephone,11,dec,366,21
246,65,management,single,unknown,no,yes,no,-478.24,telephone,15,jul,376,27
247,58,retired,married,unknown,no,no,no,3657.53,cellular,2,aug,328,1
248,20,student,divorced,unknown,no,no,no,8642.98,telephone,27,may,26,14
249,45,entrepreneur,single,tertiary,no,no,no,4998.34,unknown,20,dec,154,4
250,37,admin,single,secondary,no,yes,no,7144.78,unknown,9,nov,393,3
251,43,admin,married,primary,no,yes,no,48.74,unknown,9,nov,314,11
252,41,technician,divorced,secondary,no,yes,yes,-1685.98,unknown,28,dec,205,46
253,69,housemaid,single,tertiary,no,no,yes,17307.48,cellular,4,jan,346,17
254,64,management,divorced,unknown,no,yes,yes,-281.54,unknown,6,feb,224,3
255,38,blue-collar,single,unknown,no,no,no,4442.14,cellular,25,jul,263,7
256,47,admin,single,tertiary,no,no,no,12609.0,telephone,13,mar,245,49
257,21,technician,married,unknown,no,no,no,16579.1,telephone,3,may,99,32
258,53,technician,divorced,primary,no,no,yes,5067.78,telephone,13,oct,424,29
259,57,management,single,primary,no,no,no,12345.51,telephone,20,may,204,21
260,27,entrepreneur,divorced,secondary,no,yes,yes,8386.89,unknown,16,jan,412,7
261,27,student,divorced,tertiary,yes,yes,yes,-877.71,unknown,9,mar,173,18
262,59,management,divorced,tertiary,no,no,yes,6983.99,cellular,27,jan,369,21
263,41,entrepreneur,married,primary,no,yes,no,-1343.34,unknown,17,oct,56,28
264,21,admin,single,unknown,no,no,yes,19212.19,telephone,6,apr,116,19
265,64,services,divorced,tertiary,no,yes,yes,14768.04,cellular,9,jun,154,6
266,44,retired,married,tertiary,no,yes,no,5464.43,telephone,1,dec,292,20
267,68,retired,divorced,unknown,no,yes,no,3164.29,unknown,12,nov,432,2
268,62,unemployed,married,tertiary,no,yes,yes,6807.2,cellular,17,jul,243,16
269,21,admin,divorced,unknown,no,yes,yes,4955.62,cellular,17,may,26,17
270,49,technician,divorced,secondary,no,no,no,6157.48,unknown,22,aug,240,14
271,27,entrepreneur,divorced,secondary,no,yes,no,18211.72,cellular,6,oct,427,9
272,28,unemployed,married,unknown,no,no,yes,6899.55,cellular,11,oct,440,43
273,45,blue-collar,married,secondary,no,no,yes,14310.79,cellular,15,jun,438,38
274,63,blue-collar,single,unknown,no,yes,no,1449.89,unknown,12,jul,188,5
275,25,entrepreneur,single,unknown,no,yes,no,9740.98,unknown,13,aug,297,31
276,57,management,married,tertiary,no,yes,no,8862.15,telephone,26,aug,50,39
277,39,unemployed,single,unknown,no,yes,no,11007.1,cellular,8,may,78,7
278,51,housemaid,married,unknown,no,no,yes,12957.52,cellular,8,jan,91,44
279,62,housemaid,married,unknown,no,yes,yes,16942.43,cellular,9,dec,413,26
280,52,services,married,unknown,no,no,no,3059.28,telephone,17,may,451,33
281,52,technician,single,unknown,no,yes,yes,6393.75,telephone,8,aug,69,32
282,42,admin,divorced,primary,no,no,no,-741.98,telephone,16,oct,333,43
283,51,housemaid,single,primary,no,no,yes,11731.99,telephone,3,jul,209,2
284,23,entrepreneur,divorced,primary,no,yes,yes,18564.72,telephone,21,nov,301,28
285,58,entrepreneur,single,secondary,no,no,no,6716.34,cellular,18,apr,80,1
286,54,admin,divorced,tertiary,no,no,no,19378.52,telephone,11,dec,226,1
287,18,retired,divorced,secondary,no,yes,no,11153.26,cellular,7,aug,100,16
288,29,housemaid,married,secondary,no,no,yes,2647.43,telephone,8,apr,256,1
289,52,admin,single,primary,no,yes,no,9649.64,telephone,10,sep,79,35
290,23,retired,divorced,primary,no,no,no,12081.0,unknown,11,apr,147,40
291,34,blue-collar,single,tertiary,no,no,yes,12658.0,unknown,16,oct,278,27
292,26,entrepreneur,married,unknown,no,yes,yes,12036.92,cellular,16,may,162,34
293,19,services,married,secondary,yes,no,yes,2171.51,cellular,19,oct,413,2
294,35,retired,divorced,tertiary,no,no,yes,2582.83,unknown,14,sep,10,32
295,66,student,married,unknown,no,yes,yes,3312.19,cellular,23,sep,274,27
296,53,entrepreneur,single,secondary,no,no,no,14125.87,cellular,20,feb,265,36
297,45,blue-collar,married,tertiary,no,no,no,8985.8,telephone,11,mar,111,43
298,58,admin,married,secondary,no,no,no,12767.62,unknown,14,nov,341,28
299,54,retired,married,tertiary,no,no,yes,15586.0,telephone,4,jun,26,21
300,66,student,married,secondary,no,yes,no,10409.53,telephone,10,jun,296,20
301,43,retired,single,unknown,no,yes,yes,8365.1,unknown,15,sep,344,20
302,21,admin,single,secondary,no,yes,yes,6855.33,unknown,23,aug,262,10
303,57,services,divorced,primary,no,no,yes,9797.78,telephone,14,nov,123,6
304,53,blue-collar,married,secondary,no,yes,yes,1290.73,cellular,28,jun,57,48
305,68,blue-collar,divorced,unknown,no,yes,no,15301.8,cellular,14,jun,327,3
306,48,management,divorced,primary,yes,yes,yes,18080.7,unknown,10,jul,290,32
307,47,admin,single,unknown,yes,no,no,15872.03,telephone,26,jul,171,12
308,67,admin,married,unknown,no,yes,no,16081.7,unknown,18,feb,227,18
309,51,technician,married,tertiary,no,yes,no,16246.83,unknown,27,sep,498,5
310,36,student,single,unknown,no,no,yes,1864.28,cellular,6,aug,103,16
311,35,student,single,unknown,no,yes,yes,19907.88,telephone,5,dec,285,2
312,47,services,single,unknown,no,yes,no,12458.09,telephone,20,nov,139,1
313,38,technician,married,primary,no,no,no,7260.4,telephone,26,jun,170,4
314,20,admin,divorced,secondary,yes,no,yes,17536.52,cellular,5,nov,366,3
315,23,technician,divorced,primary,no,no,no,10811.73,telephone,18,jun,485,7
316,55,unemployed,married,unknown,no,no,yes,19859.74,unknown,10,oct,93,1
317,30,management,divorced,unknown,no,yes,no,14545.62,cellular,17,jun,263,3
318,62,retired,married,unknown,no,yes,no,6085.24,unknown,18,feb,308,15
319,20,management,married,primary,no,no,yes,14336.37,unknown,1,oct,14,35
320,65,unemployed,single,unknown,no,no,yes,14062.42,telephone,17,mar,399,45
321,45,retired,married,tertiary,no,no,no,4885.8,cellular,22,mar,70,32
322,39,services,single,primary,no,no,yes,17451.86,unknown,10,sep,433,31
323,57,management,single,tertiary,no,no,yes,1096.83,telephone,5,nov,339,30
324,57,unemployed,divorced,tertiary,no,no,no,6036.02,unknown,6,jan,35,18
325,29,management,single,primary,no,no,no,11998.03,unknown,19,feb,301,5
326,40,management,divorced,unknown,no,yes,yes,8541.06,telephone,17,dec,123,1
327,48,housemaid,married,secondary,no,yes,yes,12919.43,unknown,7,mar,283,4
328,35,technician,divorced,unknown,no,no,no,19941.78,cellular,21,feb,50,38
329,24,management,divorced,tertiary,no,yes,yes,-284.07,telephone,15,dec,132,24
330,25,management,divorced,primary,yes,no,yes,14697.31,cellular,21,jun,418,4
331,36,technician,married,tertiary,no,no,no,15983.34,cellular,3,aug,95,40
332,46,blue-collar,married,primary,no,no,no,4208.43,cellular,9,feb,418,7
333,61,management,single,unknown,no,yes,yes,3613.43,unknown,15,jun,475,10
334,37,unemployed,married,unknown,no,no,yes,7709.87,telephone,26,dec,435,17
335,67,retired,single,primary,no,yes,no,6664.85,unknown,7,mar,167,20
336,59,housemaid,married,unknown,no,yes,no,9172.02,cellular,24,oct,187,20
337,47,blue-collar,divorced,unknown,no,yes,yes,2654.85,telephone,24,nov,490,21
338,64,entrepreneur,single,secondary,no,yes,yes,8863.61,unknown,23,sep,334,42
339,39,technician,married,primary,no,yes,yes,15880.55,unknown,23,oct,126,2
340,27,housemaid,married,tertiary,no,no,yes,17423.43,unknown,16,dec,24,31
341,43,services,married,unknown,no,no,no,12668.77,unknown,1,aug,74,32
342,68,admin,divorced,tertiary,no,yes,yes,4338.87,telephone,24,oct,484,40
343,50,admin,single,secondary,yes,yes,yes,17211.39,telephone,14,jul,317,28
344,45,retired,single,unknown,no,yes,no,7267.01,telephone,22,may,302,33
345,27,services,single,tertiary,yes,no,no,3099.76,telephone,28,jan,174,22
346,46,technician,married,secondary,no,yes,no,961.14,unknown,13,oct,402,46
347,61,services,single,primary,no,no,no,19156.71,cellular,11,jul,203,37
348,35,services,single,primary,no,yes,no,-64.46,unknown,25,feb,90,2
349,59,management,married,primary,no,no,yes,9654.73,unknown,11,jun,369,40
350,18,retired,married,secondary,no,yes,no,2447.9,telephone,12,apr,71,4
351,40,entrepreneur,married,unknown,no,yes,no,17102.17,unknown,10,dec,378,43
352,34,blue-collar,married,tertiary,no,yes,yes,2279.59,unknown,26,apr,250,21
353,60,technician,divorced,tertiary,yes,yes,yes,14202.55,unknown,13,oct,367,44
354,54,management,divorced,primary,no,no,no,1632.55,telephone,9,feb,129,22
355,48,technician,single,tertiary,no,yes,yes,18638.47,telephone,28,may,492,17
356,42,admin,divorced,secondary,no,yes,yes,12593.15,unknown,17,mar,304,11
357,21,technician,married,unknown,no,no,no,7132.66,cellular,25,jul,226,1
358,69,retired,divorced,unknown,no,yes,no,19174.62,telephone,8,dec,473,30
359,26,admin,married,secondary,no,yes,no,9529.12,telephone,11,nov,486,9
360,45,services,divorced,unknown,no,yes,no,6449.62,cellular,15,jun,352,41
361,47,technician,married,secondary,no,yes,yes,1574.46,cellular,21,jun,368,14
362,64,management,single,secondary,yes,yes,no,13863.96,unknown,1,mar,297,5
363,41,technician,single,tertiary,no,no,yes,11119.32,unknown,1,jan,102,4
364,50,retired,divorced,secondary,no,no,yes,2903.64,telephone,12,jul,49,3
365,37,entrepreneur,married,tertiary,no,no,no,3499.16,cellular,24,jul,452,3
366,26,blue-collar,single,unknown,no,yes,yes,2848.41,unknown,6,oct,241,6
367,25,unemployed,married,primary,no,yes,no,8908.52,cellular,1,oct,296,42
368,41,student,divorced,unknown,no,no,yes,-959.64,cellular,24,may,69,10
369,31,services,married,tertiary,no,no,no,4363.44,telephone,13,feb,40,49
370,35,blue-collar,married,secondary,no,yes,yes,14205.73,unknown,3,jan,263,11
371,18,services,divorced,unknown,no,yes,no,11667.06,telephone,28,jun,51,4
372,29,services,single,tertiary,no,no,no,16009.12,cellular,19,feb,101,28
373,46,technician,divorced,unknown,no,no,yes,14386.15,telephone,1,aug,432,40
374,54,management,married,primary,no,yes,no,-1531.9,telephone,7,apr,346,28
375,43,housemaid,divorced,primary,no,yes,no,10530.52,cellular,12,apr,12,24
376,50,management,divorced,unknown,no,no,yes,7645.17,unknown,23,may,136,34
377,60,admin,married,primary,no,yes,yes,5948.6,cellular,24,jun,30,21
378,32,entrepreneur,divorced,tertiary,yes,no,yes,19832.39,telephone,19,apr,440,8
379,40,management,single,secondary,no,yes,yes,12453.19,telephone,28,sep,431,27
380,46,housemaid,single,secondary,no,no,yes,3523.54,unknown,2,oct,14,23
381,38,services,divorced,unknown,no,no,no,9723.05,cellular,10,nov,196,8
382,36,retired,married,unknown,no,no,yes,95.1,telephone,6,feb,104,48
383,22,management,divorced,tertiary,yes,no,no,14396.01,cellular,5,sep,20,35
384,40,technician,divorced,secondary,yes,yes,no,5648.34,unknown,4,oct,146,47
385,53,unemployed,single,secondary,no,yes,yes,1715.43,cellular,14,jul,425,48
386,37,blue-collar,single,tertiary,no,yes,no,1573.27,cellular,12,feb,138,47
387,25,housemaid,married,primary,no,no,no,-1664.96,telephone,13,apr,201,13
388,26,retired,married,secondary,no,yes,no,15113.37,cellular,10,jan,209,20
389,31,management,married,unknown,no,yes,no,14031.4,unknown,12,apr,333,20
390,23,unemployed,divorced,primary,no,yes,no,8670.57,telephone,14,jul,473,45
391,18,blue-collar,divorced,secondary,no,yes,yes,4731.22,unknown,24,may,74,45
392,26,management,divorced,primary,no,yes,no,6615.46,cellular,6,sep,361,23
393,33,entrepreneur,divorced,primary,no,no,no,17449.95,cellular,6,aug,390,3
394,33,housemaid,married,secondary,yes,no,yes,668.59,telephone,21,jan,254,15
395,29,housemaid,married,secondary,no,yes,no,-1349.58,cellular,21,jun,378,5
396,22,management,married,tertiary,yes,no,no,2745.94,cellular,20,mar,320,15
397,57,entrepreneur,divorced,unknown,no,no,no,9455.08,unknown,10,jul,37,31
398,46,housemaid,divorced,secondary,no,no,yes,-1830.98,cellular,6,jun,47,31
399,63,blue-collar,married,secondary,no,yes,yes,293.82,telephone,6,jul,473,22
400,44,entrepreneur,single,unknown,no,no,yes,13353.01,telephone,27,feb,120,17
401,28,services,married,tertiary,no,yes,no,7857.38,unknown,26,may,148,19
402,64,entrepreneur,divorced,primary,no,yes,no,18870.06,unknown,14,jun,320,33
403,67,housemaid,divorced,unknown,no,no,yes,18036.86,cellular,4,dec,84,18
404,45,admin,married,tertiary,yes,yes,yes,4082.07,cellular,20,jul,248,11
405,69,entrepreneur,single,primary,no,no,no,6309.75,unknown,15,sep,442,10
406,53,retired,single,unknown,no,yes,no,18199.78,telephone,20,dec,8,31
407,59,housemaid,divorced,tertiary,no,no,no,10743.67,unknown,23,dec,484,5
408,36,retired,divorced,secondary,no,no,no,6133.88,telephone,26,apr,296,45
409,52,retired,divorced,secondary,no,yes,no,15608.95,telephone,3,feb,452,34
410,69,admin,married,primary,no,no,no,18339.09,unknown,11,jan,81,34
411,48,retired,divorced,secondary,yes,no,yes,12816.85,telephone,23,feb,230,16
412,61,housemaid,divorced,primary,no,yes,yes,3079.88,telephone,8,dec,395,3
413,36,admin,divorced,tertiary,no,yes,no,16023.73,cellular,5,oct,209,41
414,63,admin,single,secondary,no,yes,yes,7251.58,cellular,7,feb,475,17
415,41,retired,single,primary,no,no,no,13357.02,telephone,5,jul,295,14
416,19,entrepreneur,divorced,unknown,no,no,yes,8699.78,cellular,9,jul,332,22
417,24,management,single,tertiary,yes,no,yes,18699.03,unknown,1,aug,83,12
418,60,entrepreneur,single,secondary,no,no,no,-495.74,cellular,25,jun,228,18
419,66,entrepreneur,single,secondary,no,yes,no,1427.53,telephone,16,dec,217,48
420,48,services,single,primary,yes,no,no,2280.5,cellular,25,apr,178,39
421,34,services,married,unknown,no,no,no,2862.01,unknown,19,feb,371,38
422,44,technician,single,secondary,no,no,no,3179.41,telephone,23,feb,85,11
423,53,entrepreneur,single,primary,no,yes,no,1362.7,cellular,4,jan,464,42
424,67,admin,single,secondary,no,yes,no,13244.19,telephone,16,sep,266,3
425,60,entrepreneur,single,tertiary,no,yes,no,2799.43,cellular,23,dec,135,24
426,27,blue-collar,married,secondary,no,no,yes,3179.98,telephone,15,apr,387,7
427,62,student,married,primary,no,no,yes,2342.54,cellular,11,feb,472,21
428,31,entrepreneur,divorced,primary,no,yes,no,6771.12,unknown,19,jun,62,21
429,24,technician,single,primary,no,yes,no,19089.05,unknown,5,nov,436,39
430,56,technician,single,unknown,no,yes,yes,6069.16,unknown,19,jan,328,6
431,57,services,divorced,unknown,no,yes,yes,4547.73,unknown,15,mar,452,6
432,26,retired,married,tertiary,no,yes,no,-490.81,unknown,22,feb,372,17
433,31,technician,divorced,secondary,no,yes,yes,5755.61,cellular,1,may,212,13
434,25,retired,married,unknown,no,yes,no,3108.31,cellular,6,may,366,23
435,34,blue-collar,divorced,secondary,no,no,no,14784.4,cellular,5,feb,40,16
436,40,housemaid,divorced,secondary,no,no,no,455.82,cellular,9,jan,399,40
437,33,services,single,primary,yes,no,no,1160.98,unknown,13,jan,134,5
438,43,technician,divorced,primary,no,no,yes,4127.23,unknown,13,mar,20,40
439,26,unemployed,married,secondary,no,no,no,4336.59,telephone,6,dec,367,18
440,53,management,married,primary,no,yes,no,16618.71,telephone,10,may,376,49
441,24,admin,divorced,secondary,no,no,yes,15408.24,telephone,2,sep,233,32
442,35,management,married,secondary,no,yes,no,10729.98,unknown,28,feb,195,27
443,25,student,divorced,primary,no,no,yes,4348.95,cellular,24,jul,242,30
444,38,blue-collar,single,unknown,no,no,no,5015.32,cellular,17,apr,171,12
445,43,technician,single,secondary,yes,yes,no,11028.8,telephone,16,mar,491,39
446,20,management,single,unknown,no,no,yes,14277.06,unknown,7,mar,462,2
447,34,entrepreneur,single,unknown,no,yes,yes,6450.16,unknown,3,sep,409,30
448,68,technician,divorced,primary,no,no,no,9210.36,telephone,28,aug,33,47
449,63,technician,married,unknown,no,yes,yes,17536.73,telephone,3,jul,103,44
450,41,entrepreneur,divorced,unknown,no,no,no,12295.4,telephone,23,oct,326,49
451,42,student,married,unknown,no,yes,yes,9782.1,cellular,1,oct,300,39
452,22,retired,divorced,unknown,no,yes,no,-433.11,telephone,19,sep,440,4
453,54,services,married,secondary,no,yes,no,1872.33,cellular,13,sep,28,18
454,62,admin,married,primary,no,no,no,2421.81,unknown,28,sep,107,18
455,67,management,divorced,primary,no,yes,yes,11709.26,cellular,16,jul,1,5
456,41,services,single,primary,no,no,yes,378.48,telephone,22,jan,274,19
457,48,retired,divorced,secondary,yes,no,no,-1362.11,cellular,26,jul,123,18
458,43,admin,single,secondary,no,no,no,5927.71,unknown,11,oct,361,35
459,38,admin,divorced,tertiary,no,no,no,13814.9,telephone,28,oct,359,4
460,51,student,married,secondary,no,no,no,13251.49,telephone,18,sep,80,30
461,55,management,single,secondary,no,yes,yes,15438.75,unknown,9,feb,411,20
462,41,housemaid,married,unknown,yes,no,no,13317.46,telephone,17,mar,79,47
463,45,management,married,secondary,no,no,no,11492.28,cellular,28,jun,409,19
464,47,admin,married,tertiary,no,yes,no,8695.57,cellular,7,feb,195,40
465,51,retired,divorced,tertiary,no,yes,no,2586.96,unknown,10,oct,90,11
466,69,retired,married,unknown,no,no,yes,10508.06,telephone,7,dec,265,30
467,69,admin,divorced,secondary,yes,yes,no,12005.74,cellular,6,feb,439,9
468,40,services,single,secondary,no,no,no,722.35,telephone,4,sep,191,41
469,25,blue-collar,married,primary,no,yes,no,10433.24,unknown,20,jun,461,25
470,59,blue-collar,single,secondary,no,no,no,150.47,telephone,23,sep,92,35
471,67,housemaid,single,unknown,no,yes,no,10035.69,telephone,2,sep,17,47
472,27,services,divorced,primary,no,yes,no,1496.22,unknown,21,feb,371,22
473,18,entrepreneur,single,secondary,no,no,yes,618.3,cellular,23,aug,20,47
474,37,management,divorced,primary,no,yes,yes,488.2,cellular,3,jun,491,6
475,54,unemployed,divorced,tertiary,no,no,yes,18042.56,telephone,23,jul,55,5
476,35,technician,single,unknown,no,no,no,11157.92,cellular,3,dec,185,37
477,38,admin,single,tertiary,no,yes,yes,3503.49,cellular,19,sep,379,40
478,66,services,single,secondary,no,no,no,-428.12,unknown,4,sep,121,22
479,21,services,divorced,tertiary,no,yes,no,9795.99,unknown,3,aug,369,37
480,60,blue-collar,divorced,tertiary,no,yes,yes,1185.67,unknown,12,jun,380,47
481,19,blue-collar,single,primary,no,no,yes,15124.86,telephone,12,mar,233,13
482,38,technician,divorced,unknown,no,yes,no,8914.41,unknown,2,may,191,14
483,54,services,single,unknown,no,no,yes,13981.88,cellular,1,sep,138,4
484,22,housemaid,divorced,tertiary,no,no,yes,6705.99,unknown,24,sep,141,46
485,34,entrepreneur,divorced,secondary,no,no,no,13451.1,cellular,18,oct,438,41
486,66,management,married,secondary,no,yes,no,13061.52,unknown,5,mar,463,36
487,65,entrepreneur,married,tertiary,no,no,no,10351.16,telephone,24,sep,448,42
488,28,management,single,secondary,no,yes,yes,16606.27,cellular,27,dec,338,40
489,63,technician,married,tertiary,no,no,yes,10814.42,telephone,2,jun,241,31
490,58,admin,divorced,unknown,no,no,yes,10718.43,cellular,2,jul,261,43
491,48,technician,single,secondary,no,yes,no,4775.63,unknown,2,jan,408,18
492,45,admin,married,primary,no,no,no,18493.14,telephone,24,jun,499,28
493,61,housemaid,single,tertiary,no,yes,yes,9377.07,cellular,21,jul,360,4
494,49,housemaid,single,secondary,no,no,yes,6617.72,telephone,13,jun,59,27
495,38,blue-collar,divorced,primary,no,yes,yes,9916.13,cellular,11,may,418,12
496,24,management,married,unknown,no,yes,yes,1195.33,cellular,7,jul,262,43
497,27,management,divorced,tertiary,no,no,no,3832.76,telephone,6,feb,92,12
498,45,technician,single,secondary,no,no,yes,4747.0,cellular,25,jan,14,20
499,65,admin,single,unknown,no,no,yes,9333.49,telephone,22,sep,317,22
500,53,unemployed,single,tertiary,yes,yes,no,13301.24,telephone,27,oct,470,4
501,37,technician,married,primary,no,yes,no,4318.45,telephone,6,jun,173,37
502,30,unemployed,divorced,tertiary,no,yes,yes,986.85,telephone,9,jan,36,22
503,36,student,divorced,unknown,no,yes,yes,10302.8,unknown,9,mar,79,42
504,67,blue-collar,married,primary,no,yes,no,16802.3,telephone,6,oct,19,45
505,28,entrepreneur,divorced,primary,no,yes,yes,7201.11,telephone,15,oct,430,40
506,52,admin,divorced,unknown,yes,yes,yes,8467.0,cellular,18,nov,57,27
507,51,technician,single,secondary,no,no,no,4362.59,telephone,19,jul,376,46
508,61,retired,single,primary,no,yes,no,15794.35,cellular,1,apr,56,30
509,21,student,single,primary,no,yes,yes,654.63,telephone,25,sep,336,18
510,30,blue-collar,married,secondary,no,no,yes,1763.95,unknown,24,sep,446,14
511,54,technician,single,primary,no,no,no,19999.05,cellular,25,dec,235,2
512,19,unemployed,divorced,secondary,no,yes,yes,13008.75,cellular,7,jun,432,22
513,67,blue-collar,married,unknown,no,yes,no,10057.15,unknown,22,may,63,12
514,18,retired,divorced,unknown,no,no,no,15492.37,telephone,16,feb,17,21
515,57,retired,married,secondary,yes,yes,yes,19931.41,unknown,10,oct,363,10
516,42,retired,divorced,primary,yes,no,no,2199.23,unknown,5,may,293,12
517,54,entrepreneur,married,tertiary,no,no,yes,15410.65,unknown,16,nov,221,8
518,53,services,divorced,primary,no,yes,yes,5527.57,cellular,26,aug,183,29
519,23,services,single,tertiary,no,yes,no,14087.12,unknown,15,nov,321,16
520,24,unemployed,married,primary,no,no,yes,13568.51,cellular,23,feb,363,38
521,21,blue-collar,divorced,unknown,no,yes,yes,19963.26,telephone,3,aug,95,28
522,52,management,divorced,secondary,no,yes,no,461.19,telephone,27,sep,41,22
523,58,admin,divorced,primary,no,no,yes,-1953.24,telephone,18,jul,105,26
524,51,housemaid,divorced,secondary,no,no,no,14451.26,cellular,13,aug,430,25
525,46,housemaid,single,tertiary,no,yes,no,10513.09,unknown,16,nov,395,39
526,22,technician,single,primary,no,yes,yes,13199.23,cellular,19,jun,249,10
527,44,housemaid,married,tertiary,no,no,no,14577.55,telephone,25,oct,153,10
528,50,entrepreneur,married,primary,no,no,yes,8857.14,unknown,9,oct,147,34
529,63,blue-collar,divorced,secondary,yes,yes,no,5843.76,cellular,21,mar,290,13
530,69,entrepreneur,married,secondary,no,yes,no,14948.27,unknown,23,jul,298,2
531,27,student,divorced,primary,no,no,yes,6362.86,unknown,26,dec,263,29
532,23,retired,married,tertiary,no,no,yes,11688.23,unknown,10,nov,484,40
533,51,admin,married,primary,no,no,no,17654.93,cellular,16,aug,186,46
534,25,entrepreneur,divorced,primary,no,no,yes,1484.61,unknown,19,feb,238,37
535,48,services,single,primary,no,yes,yes,-1804.06,telephone,13,sep,451,29
536,26,management,divorced,tertiary,no,no,yes,3648.65,cellular,14,may,375,36
537,38,student,single,unknown,no,yes,no,15544.38,cellular,27,dec,112,44
538,25,blue-collar,married,primary,no,no,no,10470.16,telephone,16,oct,337,4
539,21,retired,single,unknown,no,yes,no,18815.54,telephone,5,jan,159,29
540,39,admin,divorced,secondary,no,yes,yes,10053.23,cellular,13,apr,254,10
541,45,retired,married,primary,no,yes,no,3847.19,unknown,11,sep,115,36
542,62,blue-collar,single,primary,no,yes,no,14849.48,telephone,21,jun,61,7
543,21,housemaid,single,secondary,no,no,no,12466.11,telephone,16,oct,111,16
544,56,technician,divorced,unknown,no,no,yes,16055.03,telephone,15,sep,243,24
545,38,retired,married,primary,no,no,yes,12695.97,unknown,22,oct,320,18
546,25,housemaid,married,tertiary,yes,yes,yes,7942.88,unknown,16,jan,338,39
547,37,admin,single,unknown,no,yes,yes,4095.82,cellular,6,sep,288,26
548,49,technician,single,unknown,no,no,no,-776.79,unknown,15,apr,188,7
549,18,technician,single,primary,no,no,no,4774.6,cellular,27,jun,150,18
550,23,housemaid,married,tertiary,no,yes,yes,-982.31,cellular,22,aug,225,40
551,45,student,single,unknown,no,no,no,7460.6,telephone,14,dec,446,22
552,61,retired,single,primary,yes,no,no,2967.6,cellular,8,mar,88,12
553,48,student,married,unknown,no,yes,yes,13480.25,cellular,4,jul,498,26
554,27,admin,married,primary,no,yes,no,2843.93,telephone,26,mar,190,41
555,37,management,divorced,primary,no,no,no,-208.5,cellular,2,oct,124,8
556,25,admin,married,tertiary,no,yes,yes,16453.54,cellular,16,sep,413,45
557,39,entrepreneur,married,secondary,no,yes,no,-679.28,unknown,17,apr,220,28
558,55,admin,divorced,unknown,yes,yes,no,14521.09,cellular,8,jan,268,46
559,46,housemaid,married,unknown,no,no,no,18447.36,unknown,17,jul,330,11
560,26,technician,divorced,unknown,no,yes,yes,356.84,cellular,7,may,388,42
561,61,services,married,unknown,no,no,no,10312.69,telephone,8,jun,209,13
562,64,housemaid,divorced,unknown,no,no,yes,7937.99,cellular,2,aug,436,27
563,18,blue-collar,single,unknown,no,no,no,15571.62,telephone,7,sep,330,11
564,58,housemaid,single,primary,no,no,yes,11716.56,unknown,25,oct,404,37
565,69,services,single,primary,no,yes,no,4122.02,unknown,19,apr,68,38
566,56,technician,divorced,primary,no,no,yes,-1967.68,unknown,3,nov,289,33
567,43,management,single,secondary,no,yes,no,8623.09,telephone,6,jul,369,6
568,28,blue-collar,married,unknown,no,no,yes,17670.4,telephone,6,sep,74,10
569,69,admin,divorced,primary,no,no,no,17917.99,telephone,4,jul,107,27
570,52,services,married,tertiary,yes,yes,no,756.53,cellular,9,may,233,44
571,41,blue-collar,married,unknown,no,no,yes,16934.89,cellular,18,may,271,39
572,50,housemaid,married,unknown,no,yes,yes,-1242.51,unknown,12,may,58,25
573,37,unemployed,divorced,secondary,no,yes,yes,31.68,unknown,23,apr,230,5
574,44,services,married,tertiary,no,yes,no,19256.86,cellular,5,may,304,11
575,32,entrepreneur,single,tertiary,no,no,yes,6513.28,cellular,19,may,316,31
576,50,entrepreneur,divorced,secondary,no,no,no,-442.75,cellular,10,aug,217,26
577,69,technician,single,secondary,no,no,no,8350.02,unknown,6,apr,149,48
578,24,housemaid,divorced,primary,no,yes,no,-984.99,cellular,8,oct,354,33
579,51,retired,married,secondary,no,yes,yes,-1639.86,cellular,23,mar,341,28
580,62,student,single,unknown,no,no,no,10358.51,unknown,18,aug,217,26
581,68,management,divorced,tertiary,no,no,no,2646.54,cellular,9,jul,487,28
582,63,management,married,primary,no,no,no,11682.08,cellular,18,nov,8,3
583,59,services,married,secondary,no,yes,yes,5363.38,telephone,25,may,461,15
584,22,student,divorced,tertiary,no,no,no,914.49,cellular,1,mar,139,44
585,47,admin,divorced,secondary,no,yes,yes,19656.84,cellular,28,sep,457,2
586,45,retired,divorced,primary,no,no,yes,3498.71,unknown,17,sep,2,2
587,35,unemployed,divorced,unknown,no,no,no,-636.5,cellular,4,nov,477,9
588,53,retired,single,tertiary,no,no,yes,4134.41,unknown,26,jul,243,40
589,20,management,divorced,secondary,no,yes,yes,3537.4,telephone,24,sep,93,28
590,38,services,married,primary,no,yes,no,4592.22,telephone,25,sep,39,9
591,63,management,single,unknown,no,no,yes,5824.83,cellular,10,mar,465,22
592,33,technician,married,secondary,no,no,yes,15713.63,unknown,14,sep,157,2
593,54,technician,married,unknown,yes,yes,no,-684.74,telephone,10,mar,367,5
594,59,services,divorced,unknown,no,no,no,5799.72,unknown,11,dec,70,18
595,22,entrepreneur,single,primary,no,no,yes,282.4,telephone,22,may,290,4
596,67,services,divorced,tertiary,no,yes,yes,19608.33,unknown,23,mar,325,31
597,68,entrepreneur,married,tertiary,no,yes,no,1167.38,unknown,28,oct,39,45
598,31,admin,divorced,secondary,no,yes,no,8538.77,unknown,5,mar,125,24
599,48,technician,divorced,tertiary,no,no,no,8560.96,telephone,23,dec,364,17
600,63,housemaid,divorced,secondary,no,yes,no,15185.92,unknown,8,oct,47,26
601,41,admin,divorced,secondary,no,no,yes,3987.21,telephone,13,sep,267,28
602,52,blue-collar,divorced,tertiary,no,no,no,14231.02,telephone,2,feb,256,16
603,53,services,divorced,secondary,no,no,yes,-1420.55,unknown,13,oct,416,25
604,27,housemaid,single,unknown,no,no,yes,18397.31,telephone,21,jul,149,2
605,44,admin,divorced,secondary,no,yes,yes,177.02,unknown,14,jan,236,11
606,44,retired,single,tertiary,no,no,yes,8578.25,telephone,21,oct,477,10
607,40,admin,divorced,unknown,no,no,no,1815.45,telephone,27,jan,264,46
608,30,management,single,primary,no,yes,yes,6109.57,unknown,2,oct,285,10
609,33,housemaid,married,secondary,no,no,yes,12124.45,unknown,20,jan,279,2
610,52,technician,single,secondary,no,yes,yes,1134.39,unknown,17,mar,395,11
611,44,unemployed,single,secondary,no,yes,yes,4360.39,cellular,2,dec,134,42
612,69,retired,married,tertiary,no,yes,no,12942.01,telephone,6,apr,245,43
613,56,unemployed,divorced,unknown,no,yes,yes,16579.98,unknown,15,oct,382,30
614,64,student,divorced,primary,no,no,yes,11043.75,cellular,11,apr,447,19
615,34,unemployed,single,tertiary,no,no,yes,9505.66,unknown,4,apr,79,13
616,65,retired,divorced,tertiary,yes,yes,yes,411.4,unknown,9,oct,323,1
617,58,entrepreneur,divorced,tertiary,no,no,yes,1223.89,cellular,26,jan,224,30
618,18,services,married,primary,yes,no,no,19080.21,cellular,16,may,341,3
619,28,student,divorced,tertiary,yes,yes,no,-1942.25,cellular,1,mar,7,6
620,29,housemaid,divorced,tertiary,no,yes,yes,8657.21,telephone,22,apr,75,17
621,31,admin,single,tertiary,no,no,no,14639.53,telephone,8,oct,301,15
622,25,housemaid,divorced,primary,no,no,yes,2619.19,unknown,3,sep,115,11
623,48,unemployed,divorced,primary,no,no,no,8110.4,cellular,5,oct,377,5
624,24,services,single,primary,no,yes,yes,8847.35,unknown,25,jul,389,7
625,63,unemployed,single,primary,no,yes,yes,3728.74,unknown,18,may,324,45
626,48,student,single,tertiary,no,no,yes,17332.53,unknown,27,aug,237,24
627,33,blue-collar,divorced,primary,no,no,yes,18353.44,cellular,3,apr,253,22
628,59,management,divorced,unknown,no,no,yes,14485.41,cellular,23,may,112,5
629,56,entrepreneur,divorced,unknown,no,yes,yes,-1809.99,cellular,23,jul,196,41
630,61,housemaid,divorced,secondary,no,no,yes,11836.36,telephone,16,sep,93,2
631,36,management,divorced,tertiary,no,no,yes,3106.46,telephone,22,mar,337,16
632,25,housemaid,divorced,secondary,no,yes,yes,3878.06,cellular,14,dec,336,14
633,46,housemaid,single,primary,no,no,no,2043.69,cellular,3,jan,124,44
634,19,student,single,secondary,no,no,no,10593.05,cellular,16,feb,404,42
635,59,student,divorced,tertiary,yes,no,no,7827.81,telephone,21,jul,72,49
636,20,retired,married,tertiary,no,yes,no,2258.41,telephone,24,oct,75,31
637,68,retired,single,unknown,no,yes,yes,18518.1,unknown,14,mar,315,41
638,46,technician,divorced,tertiary,no,yes,no,3262.91,cellular,23,mar,452,36
639,32,admin,single,secondary,no,no,yes,15132.26,cellular,18,dec,124,14
640,55,entrepreneur,married,tertiary,no,yes,no,-1456.8,telephone,19,sep,37,28
641,45,unemployed,single,tertiary,no,yes,no,2036.56,telephone,28,jan,273,40
642,54,services,single,secondary,no,yes,yes,16015.05,unknown,19,jun,379,13
643,49,technician,single,primary,no,no,no,9801.38,cellular,10,mar,242,42
644,47,admin,single,tertiary,no,yes,no,12214.37,telephone,6,nov,461,7
645,68,unemployed,divorced,primary,no,no,yes,7435.76,cellular,3,mar,30,41
646,64,technician,married,primary,no,no,no,7583.91,telephone,27,aug,365,18
647,47,unemployed,divorced,tertiary,no,yes,no,758.89,unknown,24,aug,166,38
648,68,entrepreneur,single,secondary,no,yes,no,1761.84,cellular,8,jun,177,3
649,51,technician,single,primary,yes,yes,no,18217.94,unknown,8,aug,479,43
650,30,blue-collar,single,unknown,yes,no,yes,8067.91,telephone,12,oct,351,4
651,50,services,married,secondary,no,yes,no,8394.01,cellular,10,mar,363,45
652,59,admin,married,tertiary,no,yes,no,12659.28,telephone,19,may,458,43
653,34,services,divorced,tertiary,no,yes,no,-1689.21,telephone,21,feb,463,13
654,20,unemployed,single,tertiary,no,yes,no,9719.27,telephone,17,jul,272,25
655,26,unemployed,married,tertiary,no,no,no,17477.38,unknown,20,feb,200,47
656,69,management,single,tertiary,no,no,no,7180.7,cellular,14,jul,359,14
657,28,blue-collar,divorced,unknown,no,no,no,7077.28,telephone,12,oct,215,4
658,66,retired,divorced,tertiary,no,no,no,7972.83,telephone,23,aug,427,42
659,44,entrepreneur,married,secondary,no,yes,no,16812.25,unknown,18,aug,275,19
660,45,management,divorced,tertiary,no,no,yes,11420.02,cellular,13,aug,24,22
661,19,services,married,unknown,no,no,yes,14441.72,telephone,18,oct,209,40
662,18,unemployed,single,primary,no,no,no,13799.3,telephone,10,oct,437,38
663,23,student,married,primary,no,no,no,-881.09,cellular,10,may,191,28
664,42,technician,divorced,tertiary,yes,yes,no,19487.39,cellular,24,sep,313,14
665,52,blue-collar,single,unknown,no,yes,yes,13536.58,unknown,14,apr,263,24
666,33,technician,divorced,secondary,no,yes,no,10762.76,telephone,8,apr,171,15
667,21,student,single,tertiary,no,no,yes,-1006.12,unknown,27,jun,178,18
668,64,management,single,tertiary,no,no,no,18197.79,unknown,27,jun,109,25
669,55,technician,single,tertiary,no,no,no,8330.25,cellular,20,nov,185,35
670,61,admin,single,tertiary,yes,yes,no,18046.23,unknown,4,jul,190,15
671,37,entrepreneur,divorced,secondary,yes,yes,yes,7204.95,telephone,25,jul,188,5
672,42,management,married,unknown,no,no,yes,10700.71,telephone,9,oct,122,31
673,24,student,single,unknown,no,no,yes,17661.79,telephone,15,jul,87,29
674,38,unemployed,divorced,primary,no,yes,no,8138.28,cellular,28,sep,415,35
675,24,retired,divorced,primary,no,yes,no,1949.69,cellular,9,nov,287,18
676,46,retired,divorced,primary,no,yes,no,7351.43,telephone,3,jun,172,34
677,69,management,married,primary,no,yes,no,6395.79,telephone,28,mar,231,11
678,24,blue-collar,divorced,primary,no,yes,no,14078.99,cellular,6,oct,267,35
679,20,retired,divorced,primary,yes,yes,yes,16496.14,telephone,15,dec,114,22
680,46,retired,married,secondary,no,no,yes,-1750.69,telephone,2,jan,310,18
681,46,student,divorced,tertiary,yes,yes,yes,8885.93,unknown,5,oct,450,5
682,56,admin,divorced,secondary,no,no,yes,3879.87,cellular,23,sep,360,15
683,55,admin,married,secondary,no,yes,no,1617.52,cellular,2,may,86,33
684,23,student,married,secondary,no,no,no,12645.52,telephone,9,nov,55,37
685,63,blue-collar,married,unknown,no,no,yes,16382.0,unknown,2,feb,174,44
686,27,admin,single,secondary,no,no,no,9976.93,cellular,20,mar,93,25
687,54,unemployed,married,unknown,no,no,no,2263.47,cellular,12,mar,456,33
688,31,management,single,secondary,no,yes,no,14528.28,cellular,25,jul,235,11
689,39,housemaid,single,secondary,no,no,yes,9469.32,unknown,15,jan,342,5
690,49,student,married,unknown,no,no,yes,15702.04,unknown,4,jul,33,47
691,35,unemployed,single,tertiary,no,yes,yes,19223.9,unknown,10,oct,79,1
692,53,services,divorced,secondary,no,no,no,7225.72,cellular,21,oct,234,17
693,63,technician,divorced,secondary,no,yes,no,5018.05,cellular,25,apr,217,35
694,69,entrepreneur,married,primary,no,no,yes,4205.75,unknown,5,oct,179,18
695,26,entrepreneur,single,primary,no,yes,yes,13201.7,unknown,27,mar,11,36
696,43,unemployed,divorced,tertiary,yes,no,no,19381.3,unknown,5,jul,428,9
697,39,entrepreneur,single,unknown,yes,no,yes,4288.02,telephone,15,jul,9,30
698,63,blue-collar,single,secondary,no,no,no,8170.12,unknown,28,oct,185,14
699,55,student,divorced,primary,no,no,yes,10679.28,cellular,10,dec,141,28
700,40,housemaid,married,secondary,no,no,yes,18986.32,unknown,8,sep,499,10
701,34,housemaid,single,primary,no,no,no,3437.19,unknown,13,jun,187,38
702,43,technician,divorced,unknown,no,yes,yes,19155.93,telephone,15,aug,27,38
703,64,retired,married,unknown,no,yes,no,9528.57,cellular,26,may,6,22
704,55,unemployed,single,primary,no,yes,yes,14024.51,unknown,9,aug,499,22
705,19,retired,single,primary,no,no,yes,15189.5,telephone,2,aug,308,45
706,23,services,single,primary,no,no,no,1621.4,unknown,22,feb,451,44
707,24,entrepreneur,single,secondary,no,no,yes,19444.38,telephone,22,sep,154,36
708,30,housemaid,married,unknown,no,no,no,19474.65,telephone,7,oct,92,41
709,44,blue-collar,single,tertiary,no,no,no,17055.74,telephone,19,may,37,29
710,28,entrepreneur,divorced,primary,yes,no,no,16553.81,telephone,2,sep,364,46
711,32,student,divorced,primary,yes,yes,yes,5177.82,cellular,7,feb,116,11
712,26,student,divorced,tertiary,no,no,no,16745.46,telephone,25,feb,56,25
713,25,unemployed,married,secondary,yes,no,no,17543.22,cellular,21,jun,117,27
714,63,student,divorced,primary,no,no,yes,3863.58,cellular,18,aug,186,5
715,23,student,single,tertiary,no,yes,yes,1754.44,unknown,8,mar,246,2
716,65,management,single,secondary,no,no,yes,14653.53,cellular,17,dec,438,26
717,60,student,divorced,secondary,no,yes,yes,10710.18,unknown,27,mar,163,25
718,21,management,married,unknown,no,yes,yes,372.99,cellular,2,jul,238,47
719,28,entrepreneur,married,unknown,no,yes,no,6789.12,cellular,10,sep,112,37
720,68,services,single,secondary,no,no,yes,5304.0,cellular,22,mar,382,39
721,45,housemaid,single,secondary,yes,yes,yes,12535.2,cellular,6,may,31,19
722,43,technician,divorced,secondary,no,no,yes,7248.91,unknown,24,jun,122,43
723,21,management,married,primary,no,yes,no,12270.88,cellular,25,feb,235,16
724,32,services,divorced,primary,no,yes,no,15586.54,unknown,4,nov,77,41
725,36,technician,single,secondary,no,no,yes,13555.6,cellular,5,sep,193,40
726,23,entrepreneur,single,tertiary,no,no,no,11585.78,telephone,26,dec,404,1
727,22,housemaid,divorced,secondary,no,no,yes,17942.29,unknown,9,mar,67,13
728,35,entrepreneur,married,primary,no,yes,no,3451.2,telephone,2,sep,333,2
729,23,blue-collar,single,tertiary,no,no,no,9166.24,unknown,9,mar,31,49
730,48,entrepreneur,single,primary,no,no,yes,14634.46,cellular,1,nov,24,34
731,42,entrepreneur,married,primary,yes,yes,no,2928.76,unknown,19,oct,194,12
732,21,technician,single,tertiary,no,no,no,2657.26,cellular,9,jun,327,40
733,23,blue-collar,married,secondary,no,yes,no,13054.01,unknown,15,jul,14,12
734,58,unemployed,married,secondary,no,yes,yes,15174.06,cellular,22,jun,409,44
735,54,blue-collar,single,primary,no,no,yes,17500.03,unknown,1,dec,274,3
736,67,housemaid,divorced,tertiary,no,yes,yes,7862.9,telephone,12,apr,310,28
737,42,housemaid,single,tertiary,no,no,no,13758.51,unknown,7,jul,50,21
738,51,technician,single,primary,no,no,no,1760.89,unknown,13,jul,296,1
739,36,blue-collar,single,tertiary,no,yes,no,4924.7,unknown,15,aug,436,26
740,51,services,single,primary,no,no,no,11906.66,cellular,16,nov,403,37
741,32,student,divorced,tertiary,no,no,yes,1253.44,telephone,8,feb,115,34
742,67,blue-collar,divorced,secondary,no,no,yes,19025.01,cellular,8,nov,29,1
743,25,technician,divorced,primary,no,yes,no,812.86,telephone,11,mar,78,35
744,61,housemaid,married,unknown,no,yes,yes,15088.81,unknown,21,sep,476,17
745,64,technician,divorced,tertiary,no,no,no,5009.5,cellular,2,oct,173,25
746,66,entrepreneur,married,tertiary,no,no,yes,14123.92,cellular,24,jul,267,24
747,51,housemaid,single,unknown,no,no,yes,6904.67,unknown,19,sep,356,22
748,35,blue-collar,divorced,tertiary,yes,no,yes,14447.83,cellular,11,mar,323,26
749,47,admin,divorced,primary,no,yes,yes,17807.44,telephone,9,apr,320,46
750,30,technician,divorced,tertiary,no,no,no,11115.15,cellular,28,mar,204,17
751,64,student,divorced,tertiary,no,no,yes,1606.42,unknown,25,apr,217,29
752,50,blue-collar,divorced,tertiary,no,yes,yes,18923.53,unknown,6,sep,297,20
753,52,technician,single,unknown,no,no,no,9714.68,cellular,4,nov,243,6
754,69,retired,divorced,primary,no,no,no,3267.4,telephone,3,nov,382,13
755,41,student,married,primary,no,no,no,6985.4,unknown,27,jan,148,3
756,43,housemaid,married,unknown,no,yes,no,13864.04,telephone,4,apr,376,44
757,64,services,divorced,unknown,no,yes,yes,18576.61,cellular,17,jul,149,35
758,68,housemaid,married,secondary,no,yes,yes,17944.9,unknown,24,jun,97,23
759,61,management,divorced,primary,no,no,yes,1086.36,cellular,9,sep,176,35
760,59,management,single,primary,no,yes,no,17179.37,telephone,11,nov,125,6
761,64,entrepreneur,married,primary,no,no,yes,10983.68,telephone,25,oct,224,32
762,18,retired,divorced,secondary,no,no,yes,7012.95,telephone,11,mar,129,41
763,30,housemaid,married,secondary,no,yes,yes,8216.07,unknown,7,jan,303,20
764,27,management,divorced,tertiary,no,no,no,15481.46,unknown,11,nov,103,39
765,36,management,married,unknown,no,no,no,16585.05,unknown,26,dec,459,37
766,22,technician,single,unknown,no,no,yes,12473.73,telephone,16,aug,269,24
767,25,entrepreneur,married,primary,no,no,yes,-713.85,unknown,4,jun,208,25
768,21,blue-collar,married,tertiary,no,no,yes,15786.2,telephone,12,dec,320,40
769,66,blue-collar,married,tertiary,yes,yes,yes,-1433.63,unknown,15,jul,495,10
770,30,entrepreneur,married,tertiary,no,no,yes,6530.9,cellular,26,nov,110,45
771,55,entrepreneur,divorced,primary,no,no,no,7771.68,cellular,8,aug,238,23
772,63,management,single,primary,no,no,no,9134.35,telephone,16,oct,463,19
773,66,services,single,secondary,no,yes,no,3630.97,telephone,18,jan,455,48
774,63,technician,married,unknown,no,yes,no,7219.46,cellular,21,sep,276,34
775,36,services,married,secondary,no,yes,no,15320.57,telephone,27,oct,111,47
776,69,student,single,tertiary,no,yes,yes,3967.86,telephone,14,jan,65,18
777,67,blue-collar,single,tertiary,no,yes,yes,15891.52,unknown,5,jul,76,29
778,25,housemaid,single,unknown,no,yes,yes,-1723.33,unknown,16,aug,26,14
779,44,housemaid,single,primary,no,no,no,1141.58,unknown,19,may,272,14
780,67,housemaid,married,secondary,yes,no,no,18356.61,telephone,4,jun,165,26
781,64,services,single,unknown,no,yes,yes,8348.8,unknown,27,sep,209,35
782,47,services,married,tertiary,no,no,yes,-882.45,unknown,8,feb,110,14
783,21,housemaid,married,tertiary,yes,no,no,11429.75,unknown,6,feb,364,27
784,28,retired,single,unknown,no,no,yes,8032.15,telephone,16,sep,475,34
785,38,technician,divorced,secondary,no,no,no,-51.07,unknown,23,sep,426,18
786,60,technician,married,primary,no,yes,no,5655.17,unknown,12,may,383,26
787,19,admin,single,tertiary,no,no,no,11517.37,telephone,20,apr,34,44
788,38,services,married,primary,no,yes,yes,11809.59,telephone,18,jul,79,49
789,34,technician,divorced,tertiary,no,yes,no,17511.87,unknown,10,oct,263,48
790,60,entrepreneur,single,primary,no,no,no,8835.13,telephone,13,mar,228,46
791,68,admin,married,tertiary,no,yes,no,304.23,unknown,1,jun,165,43
792,46,services,divorced,tertiary,no,no,no,498.17,cellular,16,aug,215,37
793,44,student,divorced,unknown,no,yes,no,7169.67,cellular,23,oct,155,30
794,41,management,married,tertiary,no,no,yes,2077.07,telephone,1,oct,28,7
795,66,retired,single,primary,no,no,yes,18260.98,cellular,4,dec,60,41
796,20,student,single,secondary,no,yes,yes,2665.72,unknown,19,oct,332,17
797,56,management,married,unknown,no,no,yes,6280.13,telephone,16,feb,416,30
798,27,admin,divorced,primary,no,yes,yes,9272.4,telephone,27,feb,260,4
799,20,admin,divorced,unknown,no,no,yes,5268.85,telephone,4,nov,228,15
800,62,unemployed,divorced,primary,yes,yes,yes,12621.12,unknown,19,aug,270,20
801,59,retired,divorced,unknown,no,yes,no,11315.62,telephone,13,apr,480,29
802,43,management,married,primary,yes,yes,no,18666.09,unknown,11,may,15,47
803,54,management,divorced,tertiary,no,yes,yes,16303.1,cellular,20,aug,320,36
804,44,technician,married,unknown,no,no,yes,11265.16,telephone,25,apr,119,36
805,22,admin,single,tertiary,no,yes,no,7827.66,cellular,9,oct,44,34
806,59,entrepreneur,single,unknown,no,yes,no,11525.04,unknown,18,apr,147,10
807,28,housemaid,divorced,unknown,no,no,no,11707.45,cellular,17,apr,395,38
808,30,unemployed,divorced,primary,no,no,no,3930.71,telephone,24,mar,380,30
809,58,services,divorced,primary,no,no,no,1916.39,cellular,23,nov,315,3
810,51,housemaid,single,tertiary,no,no,no,9418.17,telephone,26,dec,39,15
811,55,housemaid,married,unknown,no,no,yes,4759.79,cellular,22,jun,448,8
812,57,student,married,secondary,no,yes,no,6475.07,cellular,3,may,321,2
813,50,unemployed,married,tertiary,no,yes,yes,-1963.4,cellular,24,oct,33,43
814,51,retired,divorced,unknown,no,yes,yes,12996.92,cellular,10,oct,482,46
815,44,technician,married,unknown,no,yes,yes,-723.66,telephone,1,mar,489,11
816,53,housemaid,divorced,unknown,yes,yes,no,14180.37,cellular,12,oct,438,42
817,43,blue-collar,single,tertiary,no,no,yes,2575.12,cellular,12,may,194,15
818,68,retired,married,primary,no,no,no,1624.83,cellular,9,jan,240,3
819,42,management,divorced,unknown,no,no,yes,11212.24,telephone,24,aug,79,21
820,36,blue-collar,married,primary,no,no,yes,19636.4,cellular,25,nov,190,29
821,38,entrepreneur,single,tertiary,no,yes,yes,7285.53,cellular,22,feb,480,49
822,48,unemployed,married,primary,yes,no,yes,17125.02,telephone,26,dec,243,38
823,46,unemployed,married,tertiary,no,no,no,-639.5,cellular,25,sep,324,43
824,26,student,single,secondary,yes,yes,no,9190.7,unknown,17,jun,150,7
825,36,management,divorced,primary,no,no,yes,12998.85,cellular,24,mar,132,45
826,43,management,divorced,secondary,no,yes,yes,6258.56,unknown,15,sep,217,13
827,42,services,divorced,tertiary,no,no,no,848.33,cellular,9,jun,267,7
828,57,entrepreneur,married,secondary,no,yes,yes,-1661.06,cellular,22,jun,325,48
829,60,management,married,primary,no,yes,no,6508.33,telephone,25,jun,200,12
830,46,student,divorced,secondary,no,no,no,14340.25,unknown,21,feb,271,23
831,42,student,divorced,primary,no,no,no,19792.14,cellular,13,nov,444,23
832,36,blue-collar,married,secondary,no,no,yes,8187.6,cellular,14,jan,419,23
833,21,student,divorced,primary,no,no,yes,4488.18,cellular,12,may,108,35
834,62,housemaid,divorced,tertiary,no,no,no,5626.67,cellular,10,apr,72,16
835,37,management,married,secondary,no,yes,no,22.48,cellular,28,may,47,29
836,63,housemaid,single,secondary,no,yes,no,7902.49,unknown,12,apr,233,25
837,18,blue-collar,married,unknown,no,no,no,11796.83,telephone,2,nov,357,12
838,28,student,divorced,secondary,yes,no,yes,11718.7,telephone,14,sep,148,46
839,21,admin,divorced,unknown,no,no,yes,-1719.08,unknown,10,nov,267,42
840,24,entrepreneur,single,primary,no,no,no,11942.1,telephone,20,mar,474,11
841,45,admin,single,unknown,no,yes,no,12645.1,telephone,17,oct,230,8
842,53,technician,married,secondary,no,no,yes,9044.54,unknown,25,dec,196,49
843,24,unemployed,single,secondary,yes,no,yes,18787.34,telephone,8,sep,24,38
844,37,unemployed,divorced,unknown,yes,no,no,3676.98,cellular,22,jul,338,19
845,52,retired,divorced,primary,no,no,yes,16742.15,telephone,11,aug,351,22
846,68,blue-collar,divorced,primary,no,no,no,1832.87,telephone,8,mar,279,29
847,68,entrepreneur,divorced,unknown,no,yes,no,3763.01,cellular,7,apr,251,8
848,56,unemployed,single,secondary,no,yes,yes,2507.77,unknown,24,jul,111,33
849,38,admin,divorced,secondary,no,yes,yes,17477.03,cellular,3,feb,4,1
850,61,technician,divorced,primary,no,no,no,15457.56,unknown,11,oct,381,35
851,18,unemployed,divorced,secondary,no,no,yes,7910.64,cellular,6,feb,297,44
852,54,unemployed,married,secondary,no,no,no,6316.51,unknown,20,may,9,38
853,63,retired,married,unknown,no,no,yes,-1716.17,cellular,18,aug,235,29
854,59,services,divorced,unknown,no,no,no,13442.67,cellular,7,oct,150,30
855,20,services,single,tertiary,no,yes,no,19228.64,cellular,21,aug,445,7
856,51,retired,single,unknown,no,no,yes,15127.43,unknown,18,jun,175,5
857,30,retired,married,tertiary,no,no,yes,3127.69,unknown,5,jan,71,10
858,33,management,married,unknown,no,yes,no,3819.04,unknown,7,mar,335,8
859,51,technician,single,unknown,no,yes,no,7301.66,telephone,22,feb,277,19
860,41,admin,married,secondary,no,no,yes,6970.1,telephone,10,mar,231,45
861,30,unemployed,married,tertiary,no,no,yes,3111.43,cellular,18,apr,433,31
862,23,unemployed,divorced,tertiary,no,no,no,15415.59,cellular,1,may,242,14
863,56,admin,single,primary,no,no,yes,15293.89,cellular,16,oct,211,46
864,19,student,divorced,unknown,no,no,yes,13542.36,cellular,19,jul,77,26
865,28,housemaid,married,unknown,no,yes,yes,-1890.87,cellular,28,sep,446,40
866,24,student,married,secondary,no,yes,no,18182.32,telephone,12,feb,148,35
867,24,blue-collar,married,secondary,no,yes,no,5426.28,cellular,22,jun,227,48
868,56,services,married,tertiary,no,no,yes,-1365.99,telephone,9,feb,344,42
869,56,student,single,tertiary,no,no,no,12023.22,telephone,24,apr,441,46
870,29,housemaid,single,secondary,no,no,yes,14227.18,cellular,9,jan,231,21
871,68,retired,single,primary,no,no,no,12761.14,unknown,20,oct,396,44
872,39,retired,single,secondary,no,yes,yes,6600.16,telephone,21,jan,51,25
873,68,admin,divorced,primary,no,no,yes,16945.65,telephone,28,jun,115,16
874,68,services,divorced,secondary,no,no,yes,5843.19,unknown,7,may,234,16
875,69,blue-collar,divorced,secondary,no,no,yes,9841.68,telephone,10,sep,304,22
876,20,entrepreneur,married,primary,no,yes,no,18278.64,unknown,17,apr,12,44
877,30,entrepreneur,single,primary,no,no,no,14013.7,cellular,12,jan,495,7
878,47,technician,single,primary,no,yes,no,82.7,cellular,7,sep,230,31
879,27,management,single,unknown,yes,yes,no,15097.05,cellular,17,aug,305,23
880,69,services,divorced,unknown,no,no,yes,17837.2,telephone,14,jun,435,33
881,26,admin,married,primary,no,no,yes,16158.54,unknown,8,jul,338,19
882,23,management,married,unknown,no,yes,yes,8488.84,unknown,5,aug,489,11
883,61,services,married,primary,yes,yes,yes,16153.25,telephone,26,aug,172,30
884,19,services,divorced,primary,no,yes,no,-336.16,unknown,23,aug,281,27
885,61,services,single,primary,no,yes,no,3592.99,telephone,15,jul,270,12
886,33,management,divorced,tertiary,yes,no,yes,17071.07,telephone,6,mar,116,27
887,30,blue-collar,single,secondary,no,no,no,-1089.47,telephone,26,sep,313,30
888,65,technician,married,primary,no,no,no,6757.19,cellular,9,oct,144,17
889,30,entrepreneur,single,unknown,no,no,no,16930.34,unknown,5,jul,176,9
890,39,blue-collar,married,unknown,no,no,no,7808.8,unknown,2,dec,148,9
891,36,management,married,unknown,no,no,yes,-138.34,telephone,6,jan,371,35
892,43,student,married,tertiary,no,yes,yes,8100.48,cellular,2,jan,295,29
893,31,management,single,secondary,no,no,yes,14108.75,telephone,24,sep,380,39
894,48,admin,divorced,unknown,no,yes,yes,4960.62,telephone,18,dec,448,41
895,46,unemployed,married,secondary,no,no,no,17943.68,telephone,13,oct,49,1
896,62,management,single,secondary,no,no,yes,18697.52,unknown,2,feb,341,37
897,59,unemployed,married,tertiary,no,yes,yes,1690.84,unknown,8,oct,407,27
898,39,student,single,tertiary,no,yes,yes,54.5,cellular,9,nov,41,15
899,24,blue-collar,divorced,secondary,no,no,yes,4585.85,telephone,15,dec,294,35
900,54,technician,married,tertiary,no,no,no,8318.94,telephone,5,dec,41,33
901,66,student,married,tertiary,no,yes,no,1454.31,unknown,17,aug,209,40
902,58,management,married,primary,no,no,no,3314.5,telephone,25,nov,173,37
903,44,management,divorced,unknown,no,yes,no,18532.57,cellular,10,jun,183,21
904,48,student,single,tertiary,no,yes,no,13727.36,cellular,25,sep,95,4
905,23,entrepreneur,married,secondary,no,no,yes,11154.81,cellular,1,feb,393,32
906,33,housemaid,married,secondary,no,no,no,13575.03,telephone,3,oct,376,15
907,55,retired,divorced,tertiary,no,yes,no,-1940.03,unknown,14,apr,447,2
908,55,entrepreneur,single,tertiary,no,yes,no,1201.47,unknown,14,mar,209,32
909,67,housemaid,divorced,secondary,yes,yes,no,13218.5,telephone,16,jun,491,33
910,49,student,divorced,unknown,no,yes,yes,13729.31,telephone,8,aug,175,34
911,50,retired,married,secondary,no,yes,yes,16765.4,unknown,3,nov,286,12
912,66,technician,single,tertiary,no,yes,no,10882.11,cellular,11,dec,330,11
913,34,blue-collar,married,tertiary,no,no,yes,10259.5,cellular,12,jun,261,13
914,50,admin,married,primary,no,no,yes,6748.03,cellular,16,dec,133,3
915,28,management,divorced,secondary,no,no,no,15964.23,cellular,5,mar,33,6
916,30,unemployed,divorced,tertiary,no,yes,no,16744.51,telephone,15,jul,264,16
917,47,management,married,unknown,no,yes,yes,7935.05,cellular,7,dec,141,24
918,18,admin,divorced,tertiary,no,yes,yes,6263.04,unknown,3,feb,111,29
919,47,management,divorced,tertiary,no,no,yes,-891.09,unknown,26,nov,215,15
920,44,unemployed,single,secondary,no,yes,no,15425.68,unknown,11,nov,391,43
921,57,student,married,primary,no,yes,no,12807.26,unknown,5,may,21,21
922,40,blue-collar,married,unknown,no,yes,yes,7662.44,cellular,11,oct,492,41
923,37,technician,single,tertiary,no,no,no,9103.08,unknown,14,aug,414,6
924,23,entrepreneur,divorced,primary,yes,no,yes,17713.15,cellular,18,oct,210,21
925,54,management,single,secondary,no,yes,no,17308.83,cellular,15,sep,325,37
926,37,retired,single,unknown,no,no,no,1939.84,telephone,13,aug,366,31
927,54,entrepreneur,single,unknown,no,no,yes,16678.21,unknown,9,apr,382,2
928,23,admin,divorced,primary,no,yes,yes,9214.26,cellular,18,nov,426,38
929,46,management,single,primary,no,no,yes,334.59,cellular,16,aug,245,23
930,30,blue-collar,married,primary,no,yes,yes,4852.64,unknown,22,aug,384,23
931,44,unemployed,divorced,secondary,no,no,yes,13112.81,unknown,8,may,163,38
932,67,unemployed,single,secondary,no,no,yes,17655.55,unknown,12,sep,466,16
933,37,entrepreneur,single,unknown,yes,no,yes,383.69,unknown,27,sep,388,21
934,30,retired,single,unknown,no,no,no,11412.37,telephone,23,feb,319,49
935,56,entrepreneur,single,tertiary,no,yes,no,12918.84,cellular,5,mar,333,48
936,25,services,single,tertiary,no,no,no,4075.89,cellular,18,jan,432,45
937,34,admin,single,tertiary,no,yes,yes,14646.09,unknown,28,dec,480,42
938,47,technician,married,primary,no,no,yes,273.22,cellular,13,oct,393,11
939,18,unemployed,divorced,primary,no,no,yes,3272.89,cellular,8,nov,303,37
940,41,blue-collar,married,primary,no,yes,no,-1989.2,telephone,19,feb,157,36
941,33,student,single,secondary,no,no,no,9060.23,telephone,18,jul,109,43
942,28,retired,single,tertiary,no,yes,yes,3795.59,cellular,23,sep,14,15
943,21,housemaid,single,unknown,yes,no,yes,-282.52,telephone,8,jul,482,31
944,21,entrepreneur,married,secondary,no,yes,yes,17379.39,unknown,23,sep,349,48
945,34,housemaid,single,primary,no,no,yes,2370.63,telephone,8,jun,154,28
946,66,unemployed,married,unknown,no,no,no,10481.04,telephone,9,feb,462,1
947,27,technician,divorced,tertiary,no,yes,no,3972.24,unknown,21,sep,348,35
948,38,retired,married,secondary,no,no,yes,11144.99,unknown,18,feb,30,6
949,55,housemaid,married,unknown,no,yes,no,12394.53,telephone,12,aug,8,15
950,66,blue-collar,divorced,unknown,no,yes,no,13963.01,telephone,25,dec,475,33
951,35,technician,single,tertiary,no,no,yes,4505.97,telephone,19,sep,3,1
952,27,unemployed,married,tertiary,no,no,no,-960.39,telephone,27,mar,459,4
953,62,services,divorced,tertiary,no,yes,yes,16859.98,unknown,14,sep,389,13
954,33,entrepreneur,married,primary,no,yes,no,19324.46,cellular,17,aug,446,26
955,56,blue-collar,married,primary,no,yes,no,17496.94,cellular,13,mar,378,32
956,32,entrepreneur,divorced,tertiary,no,yes,yes,-182.58,unknown,13,jun,219,4
957,51,student,married,unknown,no,yes,yes,15273.0,telephone,12,aug,436,44
958,22,unemployed,divorced,primary,no,yes,no,8692.08,telephone,15,oct,195,8
959,34,unemployed,married,unknown,no,no,no,11906.67,cellular,20,aug,29,29
960,54,management,single,secondary,no,no,no,11457.74,cellular,3,mar,441,48
961,25,student,divorced,secondary,yes,yes,no,9770.69,telephone,19,sep,203,14
962,41,student,single,secondary,no,yes,no,12851.71,unknown,7,jul,341,48
963,45,management,married,primary,no,yes,yes,11559.07,unknown,2,jul,197,14
964,64,retired,single,tertiary,yes,yes,no,10690.5,unknown,6,may,185,40
965,25,retired,divorced,secondary,no,yes,yes,1142.14,telephone,20,feb,15,15
966,40,technician,married,secondary,no,no,yes,17028.62,telephone,8,mar,455,27
967,52,management,divorced,unknown,no,no,no,14576.9,telephone,17,sep,350,41
968,48,student,married,primary,no,yes,no,19216.12,telephone,9,jan,88,23
969,34,blue-collar,single,primary,no,no,yes,15418.35,cellular,1,apr,67,47
970,45,technician,single,unknown,no,no,yes,10815.47,unknown,27,jul,183,1
971,65,student,divorced,primary,no,no,no,18177.69,cellular,7,dec,287,47
972,65,entrepreneur,divorced,unknown,no,no,yes,12393.78,telephone,2,jun,324,28
973,68,blue-collar,married,tertiary,no,no,no,4822.85,cellular,1,oct,94,49
974,29,retired,divorced,unknown,no,yes,yes,1861.08,cellular,27,apr,21,4
975,41,services,divorced,tertiary,no,yes,no,11294.77,cellular,4,jul,183,28
976,32,admin,single,primary,no,no,no,14195.83,unknown,28,may,336,29
977,57,housemaid,divorced,secondary,no,yes,yes,16131.57,telephone,10,nov,411,17
978,48,entrepreneur,divorced,primary,no,no,no,4276.33,telephone,22,feb,447,29
979,44,technician,married,secondary,no,no,no,17844.0,unknown,16,aug,58,22
980,52,technician,single,primary,no,yes,yes,10715.37,unknown,27,oct,249,27
981,35,technician,single,unknown,no,no,no,13908.05,unknown,6,jun,348,42
982,53,student,married,unknown,no,no,yes,15778.92,unknown,13,jun,473,5
983,25,entrepreneur,single,tertiary,no,no,no,18488.2,telephone,28,dec,490,44
984,63,retired,married,unknown,no,yes,no,4379.79,unknown,3,jul,198,13
985,66,housemaid,married,secondary,no,no,no,6634.27,telephone,2,oct,462,24
986,55,unemployed,divorced,unknown,no,no,no,17799.28,unknown,8,aug,142,22
987,22,technician,divorced,tertiary,no,yes,no,16358.48,telephone,12,jul,194,35
988,31,services,married,secondary,no,no,yes,6781.0,cellular,19,jun,250,7
989,55,housemaid,divorced,secondary,no,no,no,8281.44,cellular,14,may,231,21
990,37,retired,divorced,primary,no,no,yes,13777.25,unknown,13,oct,14,38
991,61,entrepreneur,single,secondary,no,yes,yes,-652.51,unknown,13,jan,59,16
992,26,student,single,unknown,no,yes,yes,6081.01,telephone,18,may,169,15
993,50,housemaid,divorced,primary,no,no,yes,2537.06,telephone,28,jun,457,35
994,35,housemaid,married,tertiary,no,yes,yes,9413.49,cellular,10,oct,485,26
995,23,management,married,primary,no,no,no,14986.25,telephone,21,feb,124,13
996,54,services,divorced,tertiary,no,no,no,858.35,unknown,26,jun,392,5
997,19,blue-collar,divorced,tertiary,no,no,yes,19708.16,telephone,12,apr,152,42
998,47,unemployed,married,primary,no,yes,yes,8276.46,cellular,4,jun,332,14
999,23,retired,single,secondary,no,yes,no,15006.37,cellular,27,aug,69,44
1000,34,blue-collar,single,unknown,no,no,no,5753.16,cellular,24,jan,178,33
